{
  "baseline_mm": 158.264,
  "image_size": [
    1280,
    720
  ],
  "board": {
    "squaresX": 7,
    "squaresY": 5,
    "squareLength": 0.017000000923871994,
    "markerLength": 0.013000000268220901,
    "dict_name": "4x4_50"
  },
  "mono_reproj_err_L": 0.24854699911095054,
  "mono_reproj_err_R": 0.23661895909410527,
  "stereo_reproj_err": 0.5106191542728791,
  "calib_npz": "C:\\Users\\jykan\\Project\\MGDIProject\\WebcamAccess\\stereo_pairs\\calib_charuco_stereo.npz"
}