{
  "version": 2,
  "note": "T_H<-C composed; fix_z=ax; fix_rot=none; rotation projected to SO(3) if needed",
  "R_quat": {
    "x": 0.08769987538715023,
    "y": -0.037537809713991545,
    "z": 0.02009522485465669,
    "w": 0.9952365681761274
  },
  "t": {
    "x": 0.22504229424662914,
    "y": 1.794632812034205,
    "z": -1.143821072177996
  },
  "detR": 1.0000000000000018,
  "ortho_err": 2.2293687946667114e-15,
  "Rz_dot_Z": 0.9817992893978731,
  "XY_score": 1.9001860066655691,
  "input_convention": "opencv",
  "C_ref": "left_rectified"
}