{
  "version": 2,
  "note": "T_H<-C composed; fix_z=ax; fix_rot=none; rotation projected to SO(3) if needed",
  "R_quat": {
    "x": 0.054666317391354635,
    "y": -0.07131361235482565,
    "z": -0.004153741632489335,
    "w": 0.995946137531656
  },
  "t": {
    "x": 0.44582346888461716,
    "y": 1.7917981848890527,
    "z": -1.0105020710340606
  },
  "detR": 0.9999999999999996,
  "ortho_err": 1.1193474914162455e-15,
  "Rz_dot_Z": 0.9838519248715138,
  "XY_score": 1.9672352988525543,
  "input_convention": "opencv",
  "C_ref": "left_rectified"
}